{
  "model_name": "xgboost",
  "backend": "cuda",
  "feature_columns": [
    "feature_a",
    "feature_b",
    "feature_c"
  ],
  "metrics": {
    "valid_roc_auc": 0.9940476190476191,
    "valid_pr_auc": 0.9876373626373626,
    "valid_log_loss": 0.12437110774768963,
    "valid_brier_score": 0.03783434204004145,
    "test_roc_auc": 0.9849624060150376,
    "test_pr_auc": 0.9877901463615749,
    "test_log_loss": 0.1938092804242727,
    "test_brier_score": 0.05624239932933448
  },
  "trained_at": "2026-04-11T04:01:02+00:00"
}