top_n,days,hit_rate,avg_future_return,avg_future_drawdown
10,60,0.5277777777777778,0.03624436784379768,0.05774843720774648
20,60,0.5277777777777778,0.03624436784379768,0.05774843720774648
50,60,0.5277777777777778,0.03624436784379768,0.05774843720774648
