{
  "model_name": "random_forest",
  "backend": "cpu",
  "feature_columns": [
    "feature_a",
    "feature_b",
    "feature_c"
  ],
  "metrics": {
    "valid_roc_auc": 0.9565217391304348,
    "valid_pr_auc": 0.9477636650661383,
    "valid_log_loss": 0.35426454980564936,
    "valid_brier_score": 0.10484711180218269,
    "test_roc_auc": 0.9473684210526316,
    "test_pr_auc": 0.9371605570212381,
    "test_log_loss": 0.4455459951332067,
    "test_brier_score": 0.14603293822203786
  },
  "trained_at": "2026-04-10T13:31:16+00:00"
}