{
  "model_name": "logistic",
  "backend": "cpu",
  "feature_columns": [
    "feature_a",
    "feature_b",
    "feature_c"
  ],
  "metrics": {
    "valid_roc_auc": 1.0,
    "valid_pr_auc": 1.0,
    "valid_log_loss": 0.1064553041875648,
    "valid_brier_score": 0.02481065881216629,
    "test_roc_auc": 1.0,
    "test_pr_auc": 1.0,
    "test_log_loss": 0.17001396966320256,
    "test_brier_score": 0.05000164562839944
  },
  "trained_at": "2026-04-10T13:31:32+00:00"
}