{
  "model_name": "logistic",
  "backend": "cpu",
  "feature_columns": [
    "feature_a",
    "feature_b",
    "feature_c"
  ],
  "metrics": {
    "valid_roc_auc": 1.0,
    "valid_pr_auc": 1.0,
    "valid_log_loss": 0.12281924461013452,
    "valid_brier_score": 0.028154935723079005,
    "test_roc_auc": 1.0,
    "test_pr_auc": 1.0,
    "test_log_loss": 0.18718823047371722,
    "test_brier_score": 0.05475731744322434
  },
  "trained_at": "2026-04-10T12:58:03+00:00"
}