{
  "model_name": "xgboost",
  "backend": "cpu",
  "feature_columns": [
    "feature_a",
    "feature_b",
    "feature_c"
  ],
  "metrics": {
    "valid_roc_auc": 0.9718670076726342,
    "valid_pr_auc": 0.9663794910353508,
    "valid_log_loss": 0.21049454460276654,
    "valid_brier_score": 0.06795195428275748,
    "test_roc_auc": 0.9573934837092732,
    "test_pr_auc": 0.9555310688050629,
    "test_log_loss": 0.4369313422991161,
    "test_brier_score": 0.15378813839937513
  },
  "trained_at": "2026-04-10T12:58:04+00:00"
}