{
  "model_name": "xgboost",
  "backend": "cuda",
  "feature_columns": [
    "feature_a",
    "feature_b",
    "feature_c"
  ],
  "metrics": {
    "valid_roc_auc": 0.9718670076726343,
    "valid_pr_auc": 0.9655684804177793,
    "valid_log_loss": 0.2223626926207923,
    "valid_brier_score": 0.07372243807814163,
    "test_roc_auc": 0.9573934837092732,
    "test_pr_auc": 0.9580945597564834,
    "test_log_loss": 0.378984921733523,
    "test_brier_score": 0.1350549677188601
  },
  "trained_at": "2026-04-10T14:30:33+00:00"
}