top_n,days,hit_rate,avg_future_return,avg_future_drawdown
10,41,0.30894308943089427,-0.0054464068155255455,0.06509775363400207
20,41,0.30894308943089427,-0.0054464068155255455,0.06509775363400207
50,41,0.30894308943089427,-0.0054464068155255455,0.06509775363400207
