top_n,days,hit_rate,avg_future_return,avg_future_drawdown
10,106,0.3518867924528303,0.018489793338747416,0.056004568782536575
20,106,0.3660377358490566,0.024951675642821265,0.05457111644078654
50,106,0.39150943396226406,0.03223044918651428,0.0508395859177725
