top_n,days,hit_rate,avg_future_return,avg_future_drawdown
10,86,0.2895348837209303,0.00439456458219119,0.08012799964596314
20,86,0.28430232558139534,0.002060839421528601,0.07717960085386469
50,86,0.2897674418604651,0.0019230270320504058,0.07465649210096975
