top_n,days,hit_rate,avg_future_return,avg_future_drawdown
10,86,0.28720930232558145,0.010166250606059234,0.07581725932340656
20,86,0.28895348837209306,0.007423844328524509,0.0734471739012633
50,86,0.3,0.008548333020491072,0.07177445008059091
