top_n,days,hit_rate,avg_future_return,avg_future_drawdown
10,106,0.3801886792452831,0.02518234746372303,0.05071622788716351
20,106,0.4004716981132076,0.029565847273577882,0.04885105922688686
50,106,0.4066037735849056,0.030165967375671107,0.047566999663795635
