top_n,days,hit_rate,avg_future_return,avg_future_drawdown
10,106,0.37075471698113205,0.03214045158304238,0.0482564973572898
20,106,0.3768867924528301,0.030314237770396418,0.04900759096296673
50,106,0.3877358490566038,0.03186574966294695,0.04946724369624575
