top_n,days,hit_rate,take_profit_rate,stop_loss_rate,timeout_rate,baseline_hit_rate,lift_vs_baseline,avg_outcome_days,avg_take_profit_prob,avg_stop_loss_prob,avg_timeout_prob,avg_risk_adjusted_score,avg_expected_score,avg_future_return,avg_future_drawdown
10,112,0.3472321479315204,0.3472321479315204,0.23732143188161509,0.4154464350880257,0.36815151415386216,0.9431772913648838,13.406785901542753,0.5931027438491583,0.14347300105062977,0.26342427199207513,0.4209351353480348,0.04783243558735454,0.022223157691477695,0.0522633967788807
20,112,0.3522544694133103,0.3522544694133103,0.23524553901515902,0.41250000647269186,0.36815151415386216,0.9568192873602905,13.304419828658657,0.554398511044149,0.15247254732031643,0.29312895847750564,0.3714314476453832,0.043242048613527526,0.023440020019601753,0.05280948782292077
50,112,0.36206145485598845,0.36206145485598845,0.22835819649761294,0.4095803635673864,0.36815151415386216,0.9834577366553259,13.228053931485247,0.5003635473756828,0.16391134429190518,0.33572512529816645,0.30366992698179385,0.03692344837815772,0.027065192567230834,0.05230634242336068
