top_n,days,hit_rate,avg_future_return,avg_future_drawdown
10,86,0.25581395348837216,0.0036541472651350966,0.07948749716649667
20,86,0.27034883720930236,0.003993481896068359,0.07715216385410949
50,86,0.2951162790697674,0.008423933685656691,0.0730747684722543
