top_n,days,hit_rate,take_profit_rate,stop_loss_rate,timeout_rate,baseline_hit_rate,lift_vs_baseline,avg_outcome_days,avg_take_profit_prob,avg_stop_loss_prob,avg_timeout_prob,avg_risk_adjusted_score,avg_expected_score,avg_future_return,avg_future_drawdown
10,108,0.3507992957013465,0.3507992957013465,0.3922909891368406,0.25690972526230055,0.3490631192942791,1.0049738179460996,9.702646480892216,0.6583807201545504,0.11731322054098116,0.22430607222771054,0.5176048484740803,0.0564530157212409,0.0062068383079921284,0.06979211247482774
20,108,0.35792279790630804,0.35792279790630804,0.37824040347680926,0.26383680869626847,0.3490631192942791,1.0253813081999068,9.672723754555758,0.6255699912352181,0.12427609453368735,0.25015392711021794,0.47643867163390347,0.05261491287574675,0.009468843229057233,0.06858469733908058
50,108,0.3636806954983659,0.3636806954983659,0.3637776446452025,0.27254166992829626,0.3490631192942791,1.0418765988043652,9.755028153532738,0.5740515489781526,0.13354572281231944,0.29240274054409904,0.4137966756109768,0.046721498312055285,0.013439442192990094,0.0668394942306665
